{
	"partitions" : [
		{
			"name" : "Top",
			"pins" : [
				{
					"name" : "seg_com[0]",
					"strict" : false
				},
				{
					"name" : "seg_com[1]",
					"strict" : false
				},
				{
					"name" : "seg_com[2]",
					"strict" : false
				},
				{
					"name" : "seg_com[3]",
					"strict" : false
				},
				{
					"name" : "seg_com[4]",
					"strict" : false
				},
				{
					"name" : "seg_com[5]",
					"strict" : false
				},
				{
					"name" : "seg_com[6]",
					"strict" : false
				},
				{
					"name" : "seg_com[7]",
					"strict" : false
				},
				{
					"name" : "seg_data[0]",
					"strict" : false
				},
				{
					"name" : "seg_data[1]",
					"strict" : false
				},
				{
					"name" : "seg_data[2]",
					"strict" : false
				},
				{
					"name" : "seg_data[3]",
					"strict" : false
				},
				{
					"name" : "seg_data[4]",
					"strict" : false
				},
				{
					"name" : "seg_data[5]",
					"strict" : false
				},
				{
					"name" : "seg_data[6]",
					"strict" : false
				},
				{
					"name" : "clk1k",
					"strict" : false
				},
				{
					"name" : "sw_push",
					"strict" : false
				}
			]
		}
	]
}